Harry,100
Walter,101
Louis,102
William,103
Joe,104
Harry,105
John,106
Louis,107
James,108
William,109
Arthur,110
Joe,111
Robert,112
Henry,113
William,114
Walter,115
Fred,116
Joe,117
Charlie,118
John,119
Charles,120
Frank,121
James,122
Edward,123
Charlie,124
Frank,125
Robert,126
John,127
Fred,128
Robert,129
William,130
Arthur,131
Edward,132
William,133
Fred,134
Joe,135
Joseph,136
James,137
Charles,138
Harry,139
Fred,140
Walter,141
Joseph,142
Thomas,143
Louis,144
Harry,145
Henry,146
Henry,147
Thomas,148
Thomas,149
Fred,150
Arthur,151
Fred,152
Henry,153
David,154
Charles,155
Edward,156
Charlie,157
George,158
William,159
Albert,160
George,161
Joe,162
Fred,163
Thomas,164
Samuel,165
Louis,166
Charles,167
Louis,168
Arthur,169
Edward,170
Joseph,171
Henry,172
John,173
George,174
John,175
Joe,176
Frank,177
Frank,178
Henry,179
Arthur,180
James,181
David,182
Albert,183
David,184
Charles,185
Charlie,186
William,187
Harry,188
John,189
Robert,190
Albert,191
Joe,192
Joe,193
Fred,194
Joe,195
Henry,196
George,197
Arthur,198
Albert,199